artist,popularity,score,top10
Ariana Grande,1,238.80842476830333,1 2 15 36 41 42 43 56 57 65
Drake,2,219.82814547109487,76 86 155 304 354 356 561 702 782 1060
XXXTENTACION,3,203.47620544188544,31 47 58 62 96 132 156 246 289 291
Eminem,4,171.1990309986341,153 178 344 353 393 396 399 474 489 550
Post Malone,5,169.68613432600338,3 8 24 46 77 99 105 253 313 336
Ed Sheeran,6,151.903278211749,80 136 137 169 183 287 319 358 514 569
Juice WRLD,7,148.37479495715485,30 54 71 165 263 332 339 347 365 376
Bad Bunny,8,125.54373499845947,18 68 189 191 359 390 418 419 491 605
Travis Scott,9,124.7584841036956,21 119 173 275 279 350 562 852 1004 1010
Ozuna,10,123.510894116038,16 101 195 328 386 427 555 574 589 631
Twenty One Pilots,11,115.41902395908666,241 327 364 400 654 779 924 1199 1215 1628
Billie Eilish,12,114.76652944082446,72 107 110 175 176 179 238 239 256 360
Khalid,13,113.24661009470314,22 97 111 159 161 234 317 377 536 741
The Weeknd,14,103.84814509413985,188 282 369 441 448 506 759 786 1299 1448
Imagine Dragons,15,96.79324396298945,61 70 83 95 192 783 1079 1191 1222 1601
6ix9ine,16,96.50671814586353,91 104 122 164 454 483 532 641 647 756
Shawn Mendes,17,95.52417025781311,134 198 259 269 295 409 542 718 861 1292
A Boogie Wit da Hoodie,18,95.41438120129187,48 52 185 334 455 826 967 996 1226 1813
J. Cole,19,95.36442599063712,13 228 422 426 712 778 1036 1339 1514 1883
Calvin Harris,20,92.9226323699028,23 67 81 414 869 875 877 884 1250 1569
Offset,21,91.18917692368048,152 182 220 509 677 986 991 1355 1381 1384
The Chainsmokers,22,89.08874425592741,55 87 89 172 293 446 844 864 918 1293
BTS,23,87.98439588990398,531 614 945 1038 1072 1405 1423 1808 1825 1855
Kanye West,24,87.96453642080206,109 516 609 850 1063 1193 1370 1445 1451 1842
21 Savage,25,87.09680164391715,27 177 257 508 597 992 1016 1125 1234 1587
Panic! At The Disco,26,85.47199131731934,14 673 965 1030 1194 1284 1538 1606 1610 2216
Marshmello,27,81.91391680345313,10 93 167 211 331 735 1089 1506 1921 2057
Gunna,28,79.56695974387736,593 697 706 819 1052 1156 1546 1824 1829 2234
Lil Peep,29,78.1583521627857,124 249 469 1011 1136 1246 1259 1839 2229 2251
Bruno Mars,30,77.7361698478383,184 280 551 595 678 851 1331 1592 2119 2149
Lady Gaga,31,77.50159455237318,17 66 126 311 853 1022 1752 1755 1939 2184
Trippie Redd,32,77.47753350452207,325 330 505 633 990 1102 1388 1403 1436 1955
Coldplay,33,76.53188953848225,270 348 564 749 776 816 951 1147 1349 2197
Lil Baby,34,75.56389899871499,34 139 221 245 338 690 748 1800 2354 2803
Martin Garrix,35,74.99405560827161,203 264 301 335 379 754 902
Rihanna,36,74.7907062858795,408 586 734 880 1028 1327 1732 2100 2113 2173
Kodak Black,37,74.7210201128146,28 207 349 691 997 1170 1651 1801 1807 2786
Migos,38,74.54068121818658,254 394 479 604 716 801 1211 1352 2253 2799
Maroon 5,39,73.67092862699421,74 326 533 731 961 970 1600 1716 2393 2411
Daddy Yankee,40,73.1854895963085,4 51 460 796 821 1421 1585 2283 2289 2292
Maluma,41,73.16556583261784,258 277 361 494 688 820 1786 1787
Clean Bandit,42,72.05394990386417,108 300 435 453 527 848 2009
Lauv,43,71.90444054339852,26 135 180 638 1043 1149 1728 2195
Future,44,71.77740601300458,209 219 237 398 771 1033 1151 2348 2801 2819
Cardi B,45,71.70643906517361,40 60 82 461 762 787 907 1429 1959 3406
Bazzi,46,71.55969542380487,79 166 903 913 915 985 1695 1770 2577
Lil Uzi Vert,47,71.18668610853464,160 437 572 868 1129 1422 1544 1614 1615 2751
Avicii,48,70.808627474976,278 281 602 665 680 887
Camila Cabello,49,70.36459187369657,84 417 444 742 1279 1577 1783 2005 2172 2666
The Beatles,50,70.18761237234308,407 634 635 795 1262 1285 1540 2087 2546 2617
Kendrick Lamar,51,69.96987933067918,146 252 351 467 1252 1269 1809 1860 2239 3052
James Arthur,52,69.74374776181274,215 323 341 342 667 1166 2646
Dua Lipa,53,69.69305204479504,106 117 144 149 966 1376 2010 2106 3299
Sam Smith,54,69.65252283612153,7 138 213 294 578 2200 2258
John Mayer,55,69.58315823022431,222 519 901 905 947 1325 1392 2384
Ski Mask The Slump God,56,69.01039485074665,206 218 430 693 813 1044 2349 2377 2787 2832
Piso 21,57,67.77679541878807,53 217 530 621 1367 1950
Luis Fonsi,58,67.67530776526986,92 385 736 885 898
Becky G,59,67.3820393018455,78 120 158 879 1143 2386
ZAYN,60,66.79756660960767,247 832 856 857 1307 1427 2167 2572 2648 2654
Julia Michaels,61,66.64202042000498,267 297 619 1014 1243
Logic,62,66.6234008596486,127 236 251 744 1934
Manuel Turizo,63,66.44482078198514,199 381 644 720 971 2395
Demi Lovato,64,66.0208191844037,375 596 650 1161 1505 1735 2023
Rita Ora,65,65.97168302022742,141 539 837 883 1337
Mac Miller,66,65.86747869946609,470 1041 1045 1160 1375 1803 1827 1861 2747 3038
Red Hot Chili Peppers,67,65.8057065255346,908 911 940 1203 1364 1470 2141 2143 2269 3126
Hailee Steinfeld,68,65.60254000623704,201 373 442 663 1012 1575 2662 3114
Shakira,69,65.53450535216312,395 457 881 1432 1524 1659 2021 2472
Tyga,70,65.46566712258654,64 296 299 472 1649 2720
Rae Sremmurd,71,65.36714120554407,476 645 812 984 1162 1264 2800
Kygo,72,65.28544459090922,100 163 459 639 752 1221 1408 3256 3258 3283
Metro Boomin,73,65.18025299322088,128 208 420 1185 1593 2250 2376
Zara Larsson,74,64.98280569489677,98 554 694 899 1838
George Ezra,75,64.87557009309617,125 452 540
Sia,76,64.77472289058267,157 521 838 1023 1040 2084 2110 2568 3169
Queen,77,64.6044779812849,346 480 1095 1114 1336 1607 2226 2713 2934
French Montana,78,64.59197500577879,88 181
David Guetta,79,64.57760946320673,204 309 543 671 1120 1684 3333
Danny Ocean,80,64.56364888169458,261 499 719 1109
Little Mix,81,64.27790205875601,255 584 777 1071 1080 2089 2478 2543 3014
Meek Mill,82,64.27331597342102,20 1130 1499 1617 1820 1924 1932 2347 2359 2846
AC/DC,83,64.26666913427853,224 315 433 755 815 2331 2907 2908
Paulo Londra,84,64.14271525903106,19 240 585 729 1797 2760
G-Eazy,85,64.04048845768706,401 676 770 1144 1184 1397 3059
Lil Pump,86,63.96543211045537,307 464 507 789 794 2717 2840
One Direction,87,63.9287505830366,661 1330 1372 1442 1597 2025 2044 2170 2492 2643
Brytiago,88,63.6101041350583,121 515 956 1317
Green Day,89,63.587408107024366,513 803 982 1113 1237 1476 1899 3335
Anitta,90,63.44236935547513,235 582 733
Aminé,91,63.422497968126734,312 772 931 1158 1870 1919 2334
Selena Gomez,92,63.401914760722406,154 272 1179 1305 1759 2157
Beyoncé,93,63.36631972028633,740 842 1291 1294 1563 1744 1753 2633 2672 3187
Lil Wayne,94,63.297764407716656,473 679 737 808 1127 1584 2829 2852 3085
Ella Mai,95,63.291271858164734,227 518 1086 1254 1562 2264
A$AP Rocky,96,63.23756795225677,150 1048 1148 1186 1391 2230 2242
Luke Combs,97,63.19303751485958,378 722 867 895 954 2871
Ava Max,98,63.192303328807384,9
Zedd,99,63.1868596874814,90 133 187 403 2097 3170
Dennis Lloyd,100,63.04320896667088,262 345
Kevin Roldan,101,63.000082005782595,194 517 958
Rich The Kid,102,62.949769000373486,103 244 1287 1323 1935
Halsey,103,62.94210377933415,6 456 547 1174 1175 2189 2657 3204
CNCO,104,62.87181947241786,413 1061 1272 1393 1582 1754 2404 2455
Lukas Graham,105,62.85140881599578,147 497
Mustard,106,62.84905090771061,49
benny blanco,107,62.84164897956151,44 168 286 410 3193
Flipp Dinero,108,62.76294448159679,59
Mabel,109,62.72846881600093,63
Sebastian Yatra,110,62.64338451335096,69 129 664 912 1270 2884 2951
Michael Jackson,111,62.63739599049325,305 626 1000 1498 2030 2071 2379 2412
Charlie Puth,112,62.60748979689123,316 695 1302 1346 1413 2008 2576
Arctic Monkeys,113,62.52747080799266,229 624 766 1683 1978 1979
2 Chainz,114,62.453166814464595,556 606 928 1039 1304 1872 2344 3066 3067
Lunay,115,62.396585871012576,232 511
Nio Garcia,116,62.30459373112066,112
Fleetwood Mac,117,62.27370414029938,617 726 814 822 2222
Silk City,118,62.25249231958509,118
Gucci Mane,119,62.152132722807416,73 699 1168 1477
BlocBoy JB,120,62.13945606456497,131
NOTD,121,62.06404406161676,151 656
Amenazzy,122,62.03493209474804,143
Cauty,123,61.86907466578113,162
YUNGBLUD,124,61.79035523445387,171
December Avenue,125,61.72500215259395,522 835 1138 1150
Mario Bautista,126,61.62383954282628,190
Calboy,127,61.492061276233045,205
Bebe Rexha,128,61.36682000197471,170 202 216 2663
Nicky Jam,129,61.353436979407824,271 610 1006 1539 1599 1619 2290 3411
a-ha,130,61.26297413609627,231
Tropkillaz,131,61.245316555635505,233
J Balvin,132,61.17482388943188,75 447 1035 1481 2111 2134 2178 2419 2941 3289
Paloma Mami,133,61.16789205265466,226 768
Dalex,134,61.11272207977648,248
Justin Bieber,135,61.03814328506803,288 425 870 888 2158 2424 2497 2511 3165 3168
Pedro Capó,136,60.98899163721561,5 999
Joji,137,60.92616511133402,324 484 1123 1214 1642 1835 2599 2684 3133 3354
Fall Out Boy,138,60.90654704397124,443 649 1182 1495 1845 2387
Jax Jones,139,60.89532006201738,388 1065 1210 1555 1665
Rex Orange County,140,60.82141019699365,552 579 630 1688 1707 2710
Zac Efron,141,60.80221048613282,283
DJ Snake,142,60.79930258624456,11 402 893 1655 2166 2461 2637
YG,143,60.62406122984504,303
Famous Dex,144,60.59975024458508,429 692
Rauw Alejandro,145,60.49010497593801,318
Britney Spears,146,60.38841924932431,743 939 1064 1379
Anuel Aa,147,60.2498175805919,12 38 594 1141 2842 2872
Kenny Man,148,60.24820487279687,197 975
Alicia Keys,149,60.1670827401034,537 566 1261 1462 2144 2340
Kris Kross Amsterdam,150,60.140422346372,357
LANY,151,60.113575587206356,503 866 1220 1275 2080 2410
Lil Mosey,152,60.09179939848128,123 329 1266 1812 1816 2750
Miley Cyrus,153,60.0797586231918,612 713 1241 1382 2187
City Girls,154,60.0234087669136,370
Rvssian,155,60.014398272414596,371
Ninho,156,59.89713849592483,384
blackbear,157,59.896754292392835,526 590 1200 1904 1968
Eurythmics,158,59.82486439600177,392
Zion & Lennox,159,59.75017767739591,321 937 1335
ITZY,160,59.70723239273447,405
Linkin Park,161,59.70064093660182,520 909 1624 1645 1650 1887 2256 2764 2765 3443
NSG,162,59.53489061046472,424
Alex & Sierra,163,59.47127037486252,431
P!nk,164,59.4142039470097,260 830 944 1748 2027 2583 2628
Heuss L'enfoiré,165,59.30736210623433,449
Electric Light Orchestra,166,59.29824280701748,450
Sofia Reyes,167,59.28912210515517,451
Lennon Stella,168,59.17956404030027,463
Robin Schulz,169,59.075491678354005,94 891 1722
Guns N' Roses,170,59.04647541625612,438 1100 1353 1503 1647 2727
Spice Girls,171,59.04233057730699,478
Tears For Fears,172,58.93231371666991,490
Plain White T's,173,58.87722819562755,496
Ramz,174,58.840475864833046,500
Coolio,175,58.83128419472076,501
Grupo Arranke,176,58.748494448794176,510
Karol G,177,58.74236220588164,102 114 955 1933 2435 2881
The Rolling Stones,178,58.74186252032263,969 1115 1333 1455 1692 2236 2611 2912
A Great Big World,179,58.73008087854128,512
BLACKPINK,180,58.59971016793057,788 1013 1107 1564 2152 2438
JENNIE,181,58.58256395891188,528
Toto,182,58.551967633968815,193 1296
Tom Walker,183,58.484189376839716,421 535 1900
Lele Pons,184,58.46243238182962,541
Blueface,185,58.45509867499352,25 290 333 1643 1966 2733 3453
Kings of Leon,186,58.42560012915101,458 1091
This Band,187,58.41912125202882,428 1119
Sabrina Carpenter,188,58.38838240609171,549
Peter Manos,189,58.31423839852494,557
Foster The People,190,58.279264388318246,320 1239
Dean Lewis,191,58.232397249419236,35 242 2409
5 Seconds of Summer,192,58.143347607439736,130 212 1740 2024 2162 2650
juan karlos,193,58.128464627925624,577
NF,194,58.043094603223,243 689 1053 1885 2235 2316 2790 3033
Wiz Khalifa,195,58.03908085608038,432 696 1124 1622 2791
4 Non Blondes,196,58.02603553578342,588
John Legend,197,58.014807709312706,196 1390
Reik,198,58.00725181441975,174 355 904 1359 3306
Rachel Platten,199,57.9887437353147,592
Rombai,200,57.92342531308038,599
The Notorious B.I.G.,201,57.89362424450451,824 987 1572 1578
Mario,202,57.88606740831511,603
Alec Benjamin,203,57.873958094929016,33 1007 1029 1552 2121 3117
Ellie Goulding,204,57.822680933412414,37 1549
Dan + Shay,205,57.804750154746735,655 721 1731
Ben&Ben,206,57.78214188084899,845 849
Sixpence None The Richer,207,57.76448736031507,616
Ben E. King,208,57.727026599332135,620
Pardison Fontaine,209,57.708287099861145,622
Why Don't We,210,57.70754079848977,214 415 1032 1737 2196 3195
The Temptations,211,57.680166435266116,625
Marvin Gaye,212,57.64265087589224,629
Gaullin,213,57.5393569654719,640
Elton John,214,57.53925366578533,466 581 1201 1308 2604 2913
John Denver,215,57.51115370082572,643
Yannc,216,57.43587728937376,651
Leslie Grace,217,57.426460799878654,652
Joel Adams,218,57.41704276606381,653
Tory Lanez,219,57.4047295648,250 660 1165 1817 2321 2322 2821 3127
Thomas Rhett,220,57.3891621800535,998 1050 1428 1431 2345 2368
Quavo,221,57.37063477117799,750 797 1245 2227
Rob $tone,222,57.332210841724915,662
Lewis Capaldi,223,57.32905567775175,45 831 2191
Katrina & The Waves,224,57.237805688198776,672
XO Cupid,225,57.20945376421628,675
Drax Project,226,57.1527077223818,681
Aitana,227,57.114845705823285,685
Jonas Blue,228,57.08988752016715,142 223 1213 2015 2043 2647 3009 3093
Dolly Parton,229,57.07425982053317,916 917
Macklemore,230,57.036918752467535,583 1238
Bryan Adams,231,57.02061712032406,495 1318
Jay Rock,232,56.97263904717773,700
Katy Perry,233,56.97222221257016,925 930 1157 1394 1551 1761 2621 3326 3331 3332
Jason Derulo,234,56.926094979270864,372 571 1251 1347 2002 3024 3129
Jessie J,235,56.925157882960676,705
Darell,236,56.83959183526919,714
"Earth, Wind & Fire",237,56.753896782511774,723
Pink Floyd,238,56.74960210084476,964 1058 1468 1847
Nicki Minaj,239,56.72419619524126,406 963 1316 1510 2160 3108
GASHI,240,56.705881554304845,790 1110
Daniel Caesar,241,56.610573748067445,423 544 847 1280 2418 2956 3219
Adele,242,56.487138113110355,708 1521 1611 1878 1889 1995 2433 3264
KISS,243,56.45903321600644,745 1198
Tommy Boysen,244,56.35226348603931,765
Jimmy Eat World,245,56.3330666660355,767
Bas,246,56.31386330203248,769
Daniel Powter,247,56.275436915229726,773
Cosculluela,248,56.26582621805176,774
Bryant Myers,249,56.26067447769171,646 1417 1558 1851
Snow Patrol,250,56.25621387900185,775
Luis Miguel,251,56.194018361224984,952 1051
Jeremy Zucker,252,56.17054020287236,363 1249 1679 2117
Young Thug,253,56.11176654202031,707 1024 1132 1588 2313 3040
Vanessa Carlton,254,56.0829100528851,793
lovelytheband,255,55.91874104448347,810
Alesso,256,55.8897048923213,298 1675
Avril Lavigne,257,55.795638116302214,980 1350 1590 1749
Boston,258,55.792874096966905,823
Loren Allred,259,55.702400000000004,337 1676
Swedish House Mafia,260,55.66672255486217,836
Sheck Wes,261,55.62507636590201,32 1913
SZA,262,55.55544877362237,598 1121 1271 1822 2850
Childish Gambino,263,55.54465795214436,487 757 1155 1937 3083
I Belong to the Zoo,264,55.52342091953521,565 1523
CHUNG HA,265,55.48183126033242,855
Maggie Lindemann,266,55.43307316034355,860
Pitbull,267,55.37292240107247,938 1310 1565
Niall Horan,268,55.3018577026805,637 886 1369 2652
Bryce Vine,269,55.29632175832313,874
Madison Beer,270,55.20276838877191,374 717 1756 2655
The Goo Goo Dolls,271,55.16425985674215,828 1358
Blackstreet,272,55.13961914993611,890
Russ,273,55.134965691223506,389 715 1031 1880 1912 2810 3041 3380
YK Osiris,274,55.12686234623764,669 1504
Yo Gotti,275,55.062916074600594,710 1480
Estelle,276,55.04145346918085,900
Flo Rida,277,54.99464585803832,563 919 1090 2012 2466 3092
OneRepublic,278,54.977249218102685,863 1444 1542 1670 1764 3107
Smash Mouth,279,54.94311239818873,910
The Cranberries,280,54.941544538832176,439 1344 2031
Soulja Boy,281,54.90779125120371,920 1320
Lou Bega,282,54.90372664947253,914
Bob Marley & The Wailers,283,54.893704271310185,882 977 1356 1738 2159 2952 2953
Aerosmith,284,54.86972032903467,668 818 1661 2124 2210 2921
KIAN,285,54.82487026888436,922
James TW,286,54.798013014530625,553 659 872 2075 2507 3280
Jack Ü,287,54.78539951483424,926
Sean Kingston,288,54.69648617598758,935
Fort Minor,289,54.62723130454261,942
Kane Brown,290,54.620680302617615,611 865 1733 2575
Natasha Bedingfield,291,54.617330582883675,943
Bryson Tiller,292,54.59314785964257,485 709 2205 2363
Survivor,293,54.55788852219265,949
Alejandro Fernandez,294,54.55349047698017,994 1315
Foreigner,295,54.45867424019796,959
Westlife,296,54.369226590048164,968
Khea,297,54.28959384633486,976
Mau y Ricky,298,54.27405003679731,29 2120
The Vamps,299,54.25970143670162,979
Jonas Brothers,300,54.254883929203004,50 2109
David Bisbal,301,54.226401103814176,948 1416
Carlos Vives,302,54.21662627595309,642 1681
Bishop Briggs,303,54.16992523531854,988
Blue Swede,304,54.119985218031985,993
MKTO,305,54.0306358373297,933 1464
Sean Paul,306,53.937337220681755,1105 1321
Gym Class Heroes,307,53.85955068509206,1019
Dermot Kennedy,308,53.77164913374595,225 2063
Tame Impala,309,53.76904976239806,343 1691 2051
U2,310,53.74448262695635,623 1172 1256 2886
Justin Timberlake,311,53.68957694827135,1021 1049 1566 2186 2588 2623
Ruben,312,53.678509666345995,1037
Kesha,313,53.600767585636625,1167 1322
Social House,314,53.57766698914764,1047
Lund,315,53.49685598238461,1055
George Harrison,316,53.38554111367609,1066
America,317,53.37541006868238,1067
Amy Winehouse,318,53.369741851172265,846 1773 1775 1999
Ari Lennox,319,53.3652771003768,1068
Super Yei,320,53.34500538944579,1070
Kehlani,321,53.32908326664862,284 1387 1484 2180 2266 2582 3106 3155
Lord Huron,322,53.32334223370767,798 1701
American Authors,323,53.30443883955632,1074
Ansel Elgort,324,53.30120466114867,1015 1517
Led Zeppelin,325,53.296339310492314,739 827 974 2338 2928 2931
Bhad Bhabie,326,53.28492593338941,906 1094 2243
Frank Ocean,327,53.2683968526934,1512 1867 1869 2126 2137 2378 2607 2796 3043
Anne-Marie,328,53.22583384444986,145 529 3025
Chord Overstreet,329,53.2130510307387,1083
Pink Sweat$,330,53.192721306584794,1085
Kina Grannis,331,53.162212143589365,1088
Corinne Bailey Rae,332,53.12150600274808,1092
Cadet,333,53.11132459278341,1093
Years & Years,334,53.07057942023999,1097
Chase Rice,335,53.02980294136496,1101
Kansas,336,52.979971358439585,1042 1548
Jet,337,52.97878820811212,1106
Backstreet Boys,338,52.96983845763845,687 1440 2194
Ciara,339,52.95917427746494,1281 1326
NAV,340,52.93613501648715,498 1528 1543 1570 2353 2795 3342
Eagles,341,52.91682343503382,322 1340 2517
LP,342,52.87661108656643,1116
Jubël,343,52.85615195982394,1118
Thalía,344,52.8365560827019,440 2053
Bon Jovi,345,52.82762666104898,1104 1652 1837 2130 2252
Normani,346,52.774236138479544,1126
Usher,347,52.767904961095596,523 1034 1286 1373 3198 3200
Aleman,348,52.75373730836518,1128
Booba,349,52.72297411944816,1131
Commodores,350,52.6613938288762,1137
Axwell /\ Ingrosso,351,52.572973347539865,292 1467 2096 2542
$uicideBoy$,352,52.52780059161476,805 1195 1646 2777
Yusuf / Cat Stevens,353,52.526315978427135,1077 1594
FLETCHER,354,52.48652398473345,1154
Liam Payne,355,52.42934894455887,488 876 1666 2500 3032
Wisin & Yandel,356,52.422614079593096,276 397 411 2286 3347 3348
Florida Georgia Line,357,52.40209018308895,1412 1500 1595 2203 2405
Boogie,358,52.393709546089596,1163
Taylor Swift,359,52.31475119402178,591 932 1789 2185 2585 2619 3109 3119
IZ*ONE,360,52.29038917430239,1173
Tay-K,361,52.18686424762461,1183
Rodney Atkins,362,52.114274436089005,1190
Papa Roach,363,52.09351591129169,1192
My Chemical Romance,364,52.05519874410221,946 1075 2246 2397
Playboi Carti,365,52.043753860504026,608 941 1338 2677 3070
James Bay,366,52.03462445419268,559 1530 1734 2745
Scotty McCreery,367,51.968790634379786,1204
Jess Glynne,368,51.94465170493683,486 1069 1547 3163
Disclosure,369,51.937562515004494,1207
Jake Owen,370,51.9271489685309,1208
"Tyler, The Creator",371,51.92611065186907,758 1152 1911 2325 2845
Grouplove,372,51.88547388238832,1212
Louis Tomlinson,373,51.86796621256241,1313 1488
gianni & kyle,374,51.84376529535639,1216
Mark Ronson,375,51.79069731004228,39 382 3301
George Michael,376,51.77935208910916,1368 1450
OutKast,377,51.72348880082141,781 802 2797
Auli'i Cravalho,378,51.697520250008125,1230
The Script,379,51.69239233781183,1240 1556 1942
The Proclaimers,380,51.645189514610166,1235
Loud Luxury,381,51.643182513509,314 2310
Lalo Ebratt,382,51.52666150839355,738 1634 2293
Troye Sivan,383,51.50914869018668,839 1571 1782 2634
Galantis,384,51.498672752846886,210 1398 1586 3171
FRENSHIP,385,51.456358207708405,1253
Hikaru Utada,386,51.40378196203078,1258
Phil Collins,387,51.34361782259749,995 1112 2131 2610
Brett Young,388,51.328602752680446,1276 1362 1727 2581
Tee Grizzley,389,51.317207792416674,1511 1526 1815
Mobb Deep,390,51.245729578180466,1273
Bonnie Tyler,391,51.20349988037927,1277
Shania Twain,392,51.15055445792366,1456 1473
Vampire Weekend,393,51.14008994908007,1283
Yung Gravy,394,51.13944834638344,1227 1443 1857 1990 2883
Nelly,395,51.11826124819491,862 1747 2034 2371
Céline Dion,396,51.117100300177725,1176 1741
Jimmie Allen,397,51.076601296484085,1289
Shoreline Mafia,398,50.993409832694866,576 1513 1522 3076
Kontra K,399,50.99182679606606,1297
Alvaro Soler,400,50.983467565571104,1025 1891
UB40,401,50.92815331425243,1303
KYLE,402,50.91855817807206,524 800 3047
Machine Gun Kelly,403,50.90328712493931,1247 1406 2233
A$AP Ferg,404,50.86924921376242,434 2339
Cory Asbury,405,50.86440012425193,1309
Alok,406,50.83249354497574,1312
T.I.,407,50.832302476764475,1410 1573
Myke Towers,408,50.75796686235571,1319
WALK THE MOON,409,50.7342017148248,580 2261
Calum Scott,410,50.72564586475308,302 2441
gnash,411,50.72041567533855,285 2452
SHAUN,412,50.687512151357865,367 2406
Big Sean,413,50.57668415491491,701 1171 2812
YBN Cordae,414,50.54265280568913,683 2217
Nightcall,415,50.52302445420305,1341
Carly Simon,416,50.51231928945651,1342
Rudimental,417,50.44984508115324,186 2545
Rage Against The Machine,418,50.44574442114822,1446 1604
Diplo,419,50.438039480218,1383 1660 2004
Duckwrth,420,50.31923687815625,1360
Plan B,421,50.292841576759606,1288 1776
Natti Natasha,422,50.28813712714819,340 1301 2385 2877
Lary Over,423,50.28698439954418,1363
Steve Miller Band,424,50.265471250153425,1365
The Verve,425,50.25471122193421,1366
Maisie Peters,426,50.20087648637223,1371
Chris Jeday,427,50.19394494892401,1001 1139 2722
Smokepurpp,428,50.181655774814644,1274 1906 1920
Tiffany,429,50.125410721509304,1378
Steve Aoki,430,50.08746162420763,475 1439 1766 3176
Ne-Yo,431,50.0643595741507,854 2163
Muse,432,50.03847655257765,936 1710 2076 2101 2910
Noah Kahan,433,50.024013792538945,1096 1982
Logan Mize,434,50.00659156551264,1389
Russell Dickerson,435,49.99847590382416,1532 1596
Lil Yachty,436,49.95587525125385,704 1135 2232 2362 3077
Polo G,437,49.9378890375301,1133 1965
Alphaville,438,49.930832158096464,1396
Fetty Wap,439,49.91966672895975,1169 1938
Bill Withers,440,49.89571430640935,1098 2000
Derek & The Dominos,441,49.84410897989852,1404
Morgan Wallen,442,49.84248891028957,804 2231
Evanescence,443,49.76810223426246,1411
Jason Mraz,444,49.69645475774355,200 615 2413 3328
The Mamas & The Papas,445,49.67020837483974,1420
Pia Mia,446,49.615739438206504,1425
Seeb,447,49.60794495784876,468 2485
New Radicals,448,49.60483847368118,1426
House Of Pain,449,49.561210638966436,1430
TLC,450,49.557359029083116,477 2486
Train,451,49.546314436264595,352 894 2381 3207
Dierks Bentley,452,49.48476937402052,1437
Charli XCX,453,49.47948144811423,306 2597
Leona Lewis,454,49.341072433749225,548 2470
Nickelback,455,49.32056771773821,1452
The Supremes,456,49.30960149909954,1453
Counting Crows,457,49.29863284108394,1454
Kelly Clarkson,458,49.2923625833292,1509 1736
Van Halen,459,49.2915455739127,807 2306
AJR,460,49.25963858160972,1576 1677
Def Leppard,461,49.23276957474564,1460
Lou Reed,462,49.22178379538881,1461
Roddy Ricch,463,49.14179913578211,978 1209 2447 2770
Jon Pardi,464,49.13585099847744,1202 1466 1862 2925
Don Henley,465,49.10077799790957,1472
Buffalo Springfield,466,49.067724626275464,1475
R.E.M.,467,49.05673749556726,896 2276
Louis The Child,468,49.034648973965346,1478
Kacey Musgraves,469,49.03001723583908,871 1559 2114 2115 2867 3102
Miky Woodz,470,49.02361879747353,1479
GoldLink,471,48.99051336738573,1482
The Clash,472,48.98243886719009,698 2017 2490
Miguel,473,48.93856351713297,1002 1671 2578
Fuego,474,48.93528788103735,1487
Enrique Iglesias,475,48.92679406391743,1255 2046 2073
Two Feet,476,48.919006897444376,567 1640 2855
Van Morrison,477,48.91077761259354,492 2559
Rhys Lewis,478,48.89106257793954,1491
Joey Montana,479,48.88,1492
Juicy J,480,48.86893491779824,1493
50 Cent,481,48.86143618763107,746 1633 2311 2804
Neil Diamond,482,48.82464951231089,1497
Sigala,483,48.74048547493473,465 1078 1550 3174 3178
JAY Z,484,48.74016573420545,1447 1882
Macklemore & Ryan Lewis,485,48.62639027911645,404 2645
blink-182,486,48.58839251430576,560 1142 2092 3325
Bring Me The Horizon,487,48.585085789223236,1663 2018 2102 2460 2615 2616 2895 2898
Ozzy Osbourne,488,48.42425838358292,1533
Mura Masa,489,48.41308913919871,1534
Harry Styles,490,48.372158098660094,703 1631 2622 2658
Fifth Harmony,491,48.35476129895644,568 1295 3128
JID,492,48.35062323117738,929 2350
Rag'n'Bone Man,493,48.334199633116974,471 2642
iKON,494,48.32565207210964,927 2028 2454
Bass Santana,495,48.22758836978931,1591 1831
H.E.R.,496,48.190448812267476,230 636 2682 3356
Jon Bellion,497,48.11053938587677,1561
Cher,498,48.089474240441334,1278 2125
Bad Wolves,499,48.04304736379656,1567
Duke Dumont,500,48.03178947322284,1568
Jaden Smith,501,48.030908723150795,791 1248 2711 2843
Mozart La Para,502,48.023577112995156,1702 1757
Starship,503,47.982524266591255,1672 1793
Queen Naija,504,47.96697931831651,1516 1941
Silvestre Dangond,505,47.94362425463357,1329 2105
DNCE,506,47.93312227464682,482 2177 2673
We The Kings,507,47.862603355856024,1583
Jesse & Joy,508,47.82791117772461,833 1811 2769
John Lennon,509,47.82133760761402,761 2531
David Bowie,510,47.74460524542493,1433 1685 2011 2016 2896 3156
Farruko,511,47.69395614243725,764 1082 2862 2875
The Police,512,47.69281706924011,1598
BØRNS,513,47.647438546054076,1602
Norah Jones,514,47.60076238903735,1459 2047
Trey Songz,515,47.599218386106415,1282 2193
Stefflon Don,516,47.57928961218315,1608
Nacho,517,47.57163495753715,366 2136 2827
Elvis Presley,518,47.53884107362522,763 2145 2603
Ms. Lauryn Hill,519,47.53380270922999,1612
Chris Brown,520,47.51615797041168,140 1351 1743 3212 3270
iLOVEFRiDAY,521,47.442698068301304,1620
Tracy Chapman,522,47.4356434545274,792 2560
Trapt,523,47.40848869137257,1623
Billy Joel,524,47.3951950165036,648 1902 2364 2927
Alien Ant Farm,525,47.36283775282052,1627
Summer Walker,526,47.35751870447061,570 780 1419 3357 3366
Vance Joy,527,47.31412266254211,809 2058 2059 2975
The Fray,528,47.29518302077668,462 1414 3243
Gryffin,529,47.274237196711404,1178 1380 2155 2660 3111
Oasis,530,47.202711786506505,1641
Teyana Taylor,531,47.168328357066045,1644
Daft Punk,532,47.07525900322714,1140 1705 1706 2971 2999
Bastille,533,47.030543267115256,1656
Pharrell Williams,534,47.01502854572714,1574 2035
Vengaboys,535,47.00753982075641,1658
Charlotte Lawrence,536,46.998941608312876,1579 2033
Michael Bublé,537,46.98255570039053,1686 2006 2161
AWOLNATION,538,46.938461841010515,1664
ayokay,539,46.90388470052347,1667
No Rome,540,46.89235332119727,1668
Gente De Zona,541,46.88081910547212,1669
Bruce Springsteen,542,46.82925237773209,1525 1713 2482 2547
Creedence Clearwater Revival,543,46.823451298068086,538 2318 2712
Men At Work,544,46.77688317962196,1678
Woodkid,545,46.75375492941717,1680
Blanco White,546,46.63794163553962,1690
Ruel,547,46.62783258045282,841 1345 3202
The Paper Kites,548,46.60314152500881,1693
Edward Sharpe & The Magnetic Zeros,549,46.591535711972405,1694
SUNMI,550,46.58120268471034,1654 2029
Mike Bahía,551,46.55964342596952,1697 1993
Yellow Claw,552,46.545083521248515,1698
The Foundations,553,46.52184003239769,1700
Chris Stapleton,554,46.476104181264105,873 2192 2571 2594
Freya Ridings,555,46.47531818072901,1704
Christina Perri,556,46.43469083967682,436 1717 3210
The Knack,557,46.417100297196505,1709
Christian Leave,558,46.39379268824656,1711
Europe,559,46.382134491633735,1712
IU,560,46.358809303087156,1714
Tungevaag & Raaban,561,46.2887632152772,1720
The Human League,562,46.253700392509145,1723
Robin Thicke,563,46.24200687686468,1724
Olivia O'Brien,564,46.22388971399357,493 1784 2580 3118
The Mayries,565,46.17593942951343,1777 1977
Hot Chelle Rae,566,46.171783591280075,1730
Iggy Azalea,567,46.03101563076792,1742
DJ Khaled,568,46.02992293396224,266 2179 3069
(G)I-DLE,569,45.954112352529805,1520 2099 2417
Hozier,570,45.82089170298895,799 1314 2973 2974
Ocean Alley,571,45.78363026235469,1763
Takeoff,572,45.75029720753614,711 2806
Lynyrd Skynyrd,573,45.74918934953133,502 2915
Prince Royce,574,45.74880579108891,892 1332 2465 3317
Mr. Probz,575,45.70159880419852,1496 2291
EXO,576,45.70046362064193,670 1560 2421 3334
Simple Minds,577,45.689791621663595,1228 2493
Kina,578,45.68690893395163,545 2900
Bee Gees,579,45.659890219048336,1073 2601
Culture Club,580,45.65351246070778,1774
System Of A Down,581,45.61579208630764,921 1874 2262 2768 3148
Jordan Davis,582,45.6068056364781,1910 1936
Lorde,583,45.551597033259405,934 1781 2389 2629 3225
Boomdabash,584,45.4873696755484,1788
Fat Joe,585,45.463585428340345,1790
The 1975,586,45.44356851138125,1081 1260 1515 2762 3135 3142 3435
PENTAGON,587,45.39215791301401,1796
Zac Brown Band,588,45.3773360370205,1219 2539
JP Cooper,589,45.37609897813543,1117 1779 3007
The Turtles,590,45.35640197370157,1799
MOMOLAND,591,45.35639281270085,1357 2444
Dustin Lynch,592,45.334421173201065,1197 1865 2916
Wu-Tang Clan,593,45.28480539872066,1805
Darius Rucker,594,45.27286162813215,1806
Journey,595,45.18511810391605,601 2924
Alle Farben,596,45.16844104292849,558 2947
Alina Baraz,597,45.16272573992778,1580 2298
Dr. Dre,598,45.10638788336942,1111 2204 2288 2969
Three Days Grace,599,45.09774046779559,1613 2280
Alta Consigna,600,45.06933325444254,1823
Eric Clapton,601,45.02336905457262,1374 2475
LANCO,602,45.010879112481106,1409 2451
Soundgarden,603,45.0092968174354,1828
Nick Jonas,604,44.9902263076207,724 1778 2671 3157
Mike Posner,605,44.9700004060321,1527 2116 2579
Hot Shade,606,44.94918019274657,1833
Jeremih,607,44.91803683611953,1311 1519 2032 2661 3208 3213
Sara Bareilles,608,44.905572678868126,1328 2523
Old Dominion,609,44.8833045220927,1438 2199 2587
Skylar Grey,610,44.852825997923475,1841
R3HAB,611,44.81840881392369,1361 2060 2469 2548 3012
Ruth B.,612,44.811761295785054,811 2854
Richard Marx,613,44.756264366008025,1849
DaniLeigh,614,44.68832029524191,1242 2609
Warren G,615,44.64738290202462,1858
Meghan Trainor,616,44.639460507082866,728 1750 2656 3234
Joyner Lucas,617,44.63868473761067,747 1474 3042 3055
Rixton,618,44.635268566459864,1859
6LACK,619,44.60767034282416,1386 1810 2240 2365 2848 3139 3377
James Blunt,620,44.59189185091967,825 2870
Mötley Crüe,621,44.526091227503905,1868
Kelsea Ballerini,622,44.465321318978454,1873
SOB X RBE,623,44.42881947565116,1876
ScHoolboy Q,624,44.41833756555843,1027 2323 2823
The Doobie Brothers,625,44.41601518661942,1407 2529
TWICE,626,44.3289397324381,1334 1768 2168 3309
Gotye,627,44.28251122057104,1888
Red Velvet,628,44.27285769179406,1554 1767 2041 3288
Snoop Dogg,629,44.23550056402459,817 1637 3346
Picture This,630,44.23363426172441,1892
Ricardo Arjona,631,44.221406580976144,1893
Nina Simone,632,44.20917551821115,1894
Etta James,633,44.19694107062162,1895
Christian French,634,44.17246200971823,1897
Marc Anthony,635,44.146955207247764,387 1687 2890 3300
MGMT,636,44.13718752342033,1818 2138 2491
Luniz,637,44.12346314604057,1901
Wham!,638,44.00906715770708,666 3010
Beau Young Prince,639,43.914608047892216,1918
SYML,640,43.796659697916844,1529 2519
Destiny's Child,641,43.79248263198201,829 2042 3196
Vince Staples,642,43.791286804568784,1928
Wisin,643,43.78676112644629,686 3022
The Doors,644,43.74768866195002,1718 2457 2458 2509
Stevie Wonder,645,43.71272176292586,2019 2040 2489
3 Doors Down,646,43.68680576572241,1415 2614
Passenger,647,43.64284133738315,1940
Jhene Aiko,648,43.612855916715304,1490 2129 2175 3154
Bruno Major,649,43.60565100993219,1943
Lucas Estrada,650,43.59324718348015,1944
Reyli Barba,651,43.5560145100536,1947
Jackie Wilson,652,43.53117503582921,1949
Mitchell Tenpenny,653,43.469014251533245,1954
Duki,654,43.46706079349902,383 1986 3415
Bacilos,655,43.431675077067894,1957
ABBA,656,43.41922154990805,1958
Alejandro Sanz,657,43.40669756142498,1898 2272
Only The Family,658,43.306978652406585,1967
Scorpions,659,43.29502966943456,1046 2887
Franco De Vita,660,43.28199625710441,1969
Roxette,661,43.26949965044662,1970
Jason Aldean,662,43.26281301747158,1760 1780 2945
Los Fabulosos Cadillacs,663,43.244495603486925,1972
KREAM,664,43.20840205637607,1662 2494
IV Of Spades,665,43.20696240190926,1975
Giant Rooks,666,43.19444408717399,1976
Maná,667,43.16922223734656,2104 2112
Cyndi Lauper,668,43.1456499867613,1494 2625
Slipknot,669,43.144755462061795,1469 1639 2142 2759 3147 3369
Valentino,670,43.14433450639841,1980
AJ Mitchell,671,43.13179801492166,1981
Heart,672,43.09182047145051,2077 2150
Khel Pangilinan,673,43.056502412527664,1987
Don Omar,674,43.043092081304025,1400 2701
Bobby Shmurda,675,43.006232106521495,1991
Roberta Flack,676,42.99365534587633,1992
Juanes,677,42.9752991404103,760 2541 3008
Thutmose,678,42.96849078103628,1994
Chris Lane,679,42.95009817248707,1930 2307
MØ,680,42.94331146989016,1996
Ally Brooke,681,42.93071627634461,1997
Eiffel 65,682,42.85506737831596,2003
Lana Del Rey,683,42.83990174695856,1746 1758 2432 3192
Ben Howard,684,42.7974756312517,1703 2515
YBN Nahmir,685,42.7815669086897,1399 2732
Calle 13,686,42.77416864677545,1985 2282
PnB Rock,687,42.74902255239074,1917 2346
Jessie Reyez,688,42.72868825508221,2013
EXID,689,42.716029778058726,2014
Rammstein,690,42.69747714954269,1725 2107 2592 2595 3099
Seal,691,42.64,2020
CLC,692,42.61462659697959,2022
Kid Cudi,693,42.509779354417226,1626 1881 3068
Sam Hunt,694,42.49500552782209,525 2398 3265
TOMORROW X TOGETHER,695,42.47972929657356,751 2425 2427 3320
Cameron Dallas,696,42.43658798725458,2036
Jordin Sparks,697,42.42384235309197,2037
Mamamoo,698,42.41109288853566,2038
Alex Rose,699,42.40512644005347,1232 2876
MAGIC!,700,42.33576023543034,1103 2955
Comethazine,701,42.330149373678594,391 2816 3045
Cuco,702,42.29637885980814,1946 2382
Jennifer Lopez,703,42.28393268616985,1795 2082 2510 3016
James Taylor,704,42.28338680853274,2048
TAEMIN,705,42.25779928013289,2050
New Order,706,42.180943564600355,2056
Don McLean,707,42.116790001138504,2061
Tiësto,708,42.07678948042008,148 3003 3015
Tom Petty,709,42.065396705605906,2065
Whitney Houston,710,42.06431261566437,380 2644 3215
KIDS SEE GHOSTS,711,42.05770881544424,981 2783 2818
Mark Diamond,712,42.026810490447644,2068
Jeff Buckley,713,42.00106665312204,2070
Hoobastank,714,41.95851133162154,834 3123
Fergie,715,41.88336666120975,1785 2567
2Pac,716,41.87153127598338,657 1009 3374 3376
Mitch James,717,41.80748258386291,2085
Lee Brice,718,41.805044871020904,1265 2920
Lauren Jauregui,719,41.8007457650284,1618 2699
Rod Stewart,720,41.79454509861305,2086
Carlos Baute,721,41.768658106288264,2088
Chino & Nacho,722,41.67792701178887,2095
Wolfine,723,41.63898173586861,2098
AronChupa,724,41.573991869917904,2103
Kim Carnes,725,41.50890025042822,2108
The Who,726,41.459258334651636,1188 2997
Weezer,727,41.3885596764809,1916 2304 2755
Iyaz,728,41.37840982928175,2118
Daryl Hall & John Oates,729,41.34349912784944,1879 2561
Radiohead,730,41.253239231968955,897 1629 2774 3095 3445
88-Keys,731,41.24750659130804,2128
Felix Jaehn,732,41.19855801533305,2054 2476 2525
Third Eye Blind,733,41.19502882630379,2132
El Bebeto,734,41.15562658981151,2135
Jack & Jack,735,41.13626281366454,843 3190
KALEO,736,41.103031518368574,2139
Johnny Cash,737,41.072247230274286,1441 2894
Beret,738,41.07049202732164,1087 1984 3413
Paul Simon,739,41.05063976931493,1300 2977
Lifehouse,740,41.01082783851113,2146
Capital Cities,741,40.99763895640822,2147
The Game,742,40.92199374558076,2255 2284
Ashanti,743,40.918416391644485,2153
Aventura,744,40.9057999475006,1609 2285 2287 3344
JoJo,745,40.90519771373805,2154
Loote,746,40.759509319912084,2165
Billy Currington,747,40.738333626704495,2237 2327
Cash Cash,748,40.70640244482433,2169
The Calling,749,40.63992125976624,2174
The Offspring,750,40.628134140261494,1922 2123 2270 2970 3293
Hot Chocolate,751,40.613298314714605,2176
Timmies,752,40.53332456140256,2182
Bob Dylan,753,40.46365578213293,2069 2516
Owl City,754,40.457397457429316,658 3315
Carrie Underwood,755,40.453192704655585,2188
Greeicy,756,40.41070361281256,1877 2676
Lizzo,757,40.39856557360977,840 2584 3267
Sublime,758,40.31928570795866,2198
T-Pain,759,40.30336619063083,1003 3191
Foo Fighters,760,40.29975616737313,1832 2140 2757 2766 3146 3149
Juan Magán,761,40.288148740257284,2055 2550
Travie McCoy,762,40.27902680055713,2201
Gorillaz,763,40.26871541750125,953 2718 3143
King Princess,764,40.2037188412536,274 3104 3113
Grupo Codiciado,765,40.19838802738239,2207
Paramore,766,40.19479676404622,1605 2211 2260 3227 3257
Metallica,767,40.13106527367546,2212
Oliver Heldens,768,40.122140788926835,2081 2549
Mike Stud,769,40.090617356184474,2215
Reykon,770,40.086911834620196,627 3352
MadeinTYO,771,40.08513801082106,1290 3075
Yung Pinch,772,40.03662323423393,2219
Robinson,773,40.02311332217922,2220
Grits,774,40.0095988482764,2221
Fonseca,775,39.9964940207951,2278 2388
Michael Ray,776,39.969028009197324,2224
Eve,777,39.95549524158098,2225
Luke Bryan,778,39.79066289883841,1739 2620 2863
Twisted Sister,779,39.683870778944936,2245
Simon & Garfunkel,780,39.660015310189074,1535 2983
Astrid S,781,39.653311548634804,1689 2499 3013
Sech,782,39.59387372547833,1983 2692
Aretha Franklin,783,39.589302922694195,2007 2674
Ghostemane,784,39.56103133134929,2254
Macy Gray,785,39.52,2257
Drowning Pool,786,39.492622095778856,2259
Alex Sensation,787,39.43534286248717,1772 2860
Looking Glass,788,39.410374268712545,2265
Quality Control,789,39.33592744653636,1907 2778
Sigma,790,39.3279544344732,2271
Pixies,791,39.286679676450134,2274
Nirvana,792,39.27511049649803,1630 2598 2683 3141
Welshly Arms,793,39.272911784078346,2275
Desiigner,794,39.2590367735594,1814 2851
Mike Perry,795,39.249845578572256,1217 3184
Lil Dicky,796,39.20583380510364,368 2729 3456
Mariah Carey,797,39.20055992556902,1298 2570 2968 3110
Ty Dolla $ign,798,39.023881205704996,725 3391
Diego Torres,799,39.01039861370299,2294
Mike WiLL Made-It,800,38.990687411748205,1848 2857
Vigiland,801,38.98971132910583,1715 2943
Wiley,802,38.98266281310193,2296
HRVY,803,38.968787510006,2297
Mac Ayres,804,38.941022071846035,2299
James Blake,805,38.9276924843147,632 3426
Incubus,806,38.92713192620284,2300
The Red Jumpsuit Apparatus,807,38.88543171934703,2303
The Neighbourhood,808,38.73930321109966,1402 3140
The Monkees,809,38.71818177549147,2315
Eric Carmen,810,38.648280686209056,2320
ROSALÍA,811,38.61267455697947,2279 2566
León Larregui,812,38.607742982817534,1974 2811
Joey Bada$$,813,38.56423213289745,2326
Sigrid,814,38.56260653448226,1657 3020
Lykke Li,815,38.50809784967313,2330
Waka Flocka Flame,816,38.480000000000004,2332
Leon Bridges,817,38.47207514556108,1653 3031
Matchbox Twenty,818,38.33920186962687,2342
Thin Lizzy,819,38.32509360719162,2343
Chance the Rapper,820,38.27859165171121,1485 2333 3086 3216
Chicago,821,38.24537995788938,2373 2526
Jimi Hendrix,822,38.164549682842356,1875 2926
6 Dogs,823,38.155387561915816,2355
Ricky Martin,824,38.043272742566735,1449 3177
Chuck Berry,825,37.94218760166578,2370
Elle King,826,37.88513164818093,2374
Eric Church,827,37.8708542285489,2375
The Smiths,828,37.85579818273295,2468 2484
PRETTYMUCH,829,37.82200666082449,1751 2635 3122
Juan Gabriel,830,37.7564405101964,2383
Jacquees,831,37.5768353430078,983 3400
mansionz,832,37.569775085831964,2396
Banda Los Sebastianes,833,37.52656658955093,2399
Gigolo Y La Exce,834,37.51215269749258,2400
Luis Enrique,835,37.49773326482549,2401
ARTY,836,37.48330828515541,2402
Noah Schnacky,837,37.46887775207579,2403
Snakehips,838,37.44797192531551,1507 3199
Alessia Cara,839,37.44486263971182,1589 2589 2958 3240
Gerard Way,840,37.39664156043962,2408
The Killers,841,37.33388649638255,607 1377 3422 3430 3431
Lost Kings,842,37.248548834859875,1791 2171 3428
Dylan Schneider,843,37.222702749800426,2420
Justin Quiles,844,37.16658182324137,1354 2679 3351
Noah Cyrus,845,37.109499186715524,1122 3116 3125
Uncle Kracker,846,37.10629057181545,2428
Tal Bachman,847,37.09171336026417,2429
Cream,848,37.02801618743227,2528 2530
Conor Maynard,849,36.989512027059774,2436
Adriel Favela,850,36.97488877603285,2437
Catfish and the Bottlemen,851,36.97269836695525,962 3444
Boyz II Men,852,36.94562491012975,2439
Yellowcard,853,36.90168559835716,2442
Wheatus,854,36.88702753001385,2443
Mon Laferte,855,36.86426616243154,2277 2775
Milky Chance,856,36.84301833455017,2446
Devin Dawson,857,36.79895650694459,2449
Nina Nesbitt,858,36.651701188348675,2459
Mr. Big,859,36.60740908613993,2462
Huey Lewis & The News,860,36.5926331383791,2463
Talking Heads,861,36.577851221743465,2464
will.i.am,862,36.53346958612062,2467
Diddy,863,36.47421006684038,2471
Pearl Jam,864,36.45340992748098,2148 2267 2612 3153 3441
Dimitri Vegas & Like Mike,865,36.42970216732495,2474
Lil Xan,866,36.42853734479138,1177 2847 3388
Spandau Ballet,867,36.35540124933295,2479
Foals,868,36.3256383288718,2481
Ying Yang Twins,869,36.23620289158344,2487
SHY Martin,870,36.22127551591743,2488
Chris Young,871,36.12020092506418,2524 2536 2923
Deorro,872,36.081040307422754,2074 3005
Ja Rule,873,36.07166200773122,2498
Mark Morrison,874,36.02665679743265,2501
ChocQuibTown,875,36.01178584803072,1236 3414
Fine Young Cannibals,876,36.01164256181603,2502
Baby Bash,877,35.99662206374371,2503
Crowded House,878,35.981595295372884,2504
Idina Menzel,879,35.96656224884441,2505
MARINA,880,35.9515229162827,2506
Dead Or Alive,881,35.92142536147473,2508
X Ambassadors,882,35.88648834067377,1871 3145
Lil Tjay,883,35.83652733883791,1306 2735 3459
Band of Horses,884,35.83098100806061,2514
The Shins,885,35.770557725593264,2518
Solange,886,35.744734341629744,1231 2301 3271 3273 3364
John Mellencamp,887,35.74030777707433,2520
Modest Mouse,888,35.72517319762075,2521
Tom Petty and the Heartbreakers,889,35.71003220384995,2522
Cartel De Santa,890,35.700968585429386,2678 2700 2703
Roy Orbison,891,35.63423073394458,2527
Christina Aguilera,892,35.61131244643807,2473 2496 3065
Blue Öyster Cult,893,35.52783697328054,2534
Stealers Wheel,894,35.48214198720252,2537
Ray LaMontagne,895,35.466897242358264,2538
Angus & Julia Stone,896,35.43638807779371,2540
Syn Cole,897,35.375290811525495,2544
Jorja Smith,898,35.34761656273483,2133 2434 3337
Disturbed,899,35.3336053318316,2689 2726 2740 2949 3137
John De Sohn,900,35.268115912251396,2551
Hardwell,901,35.252778613890854,2552
Iggy Pop,902,35.22208398150229,2554
Olly Murs,903,35.20672663000637,2555
PARTYNEXTDOOR,904,35.203579679440054,1435 3395
MC Hammer,905,35.17599181259855,2557
Supergrass,906,35.16061432910409,2558
Amber Run,907,35.09903702382731,2562
Kodaline,908,35.08362581034064,2563
David Archuleta,909,35.05278305641365,2565
Akon,910,34.9910159898223,2569
Huncho Jack,911,34.9818898740473,2249 2833 3039
Dexys Midnight Runners,912,34.92913969739306,2573
Conan Gray,913,34.9136534897166,2574
Missy Elliott,914,34.89967172520621,2001 3158
Greta Van Fleet,915,34.829983249955276,2360 2929
Kiiara,916,34.72728034269312,2586
Virlan Garcia,917,34.6740982633248,1696 3327
Aphex Twin,918,34.66493328999783,2590
Maren Morris,919,34.61809931235394,2593
Kid Rock,920,34.50857284791708,2600
The White Stripes,921,34.477215664841616,2602
The Beach Boys,922,34.46382162359266,2202 2992 2995
Fountains Of Wayne,923,34.43012634307345,2605
Masego,924,34.41441558417054,2606
Selena Gomez & The Scene,925,34.27412378374719,2026 3197
REO Speedwagon,926,34.272962336442376,2352 2991
Blur,927,34.22532395756102,2618
B.o.B,928,34.10122189501526,1729 3112 3205
Bag Raiders,929,34.098680326370406,2626
Elevation Worship,930,34.082816785001796,2627
Hans Zimmer,931,34.03518179766343,2630
Ivy Adara,932,34.01928864629594,2631
Daya,933,34.00338806648538,2632
Max Richter,934,33.939711253927904,2636
K-Ci & JoJo,935,33.9078280047543,2638
Rich Brian,936,33.89661044970044,2314 3054
Supertramp,937,33.856372454966575,2308 2998 3001
BROCKHAMPTON,938,33.781170839716864,1830 2858 3384
Brett Eldredge,939,33.77269665121789,2513 2918
*NSYNC,940,33.76227617607975,2122 3186
Rels B,941,33.66502381175068,2336 2337 3448
Niykee Heaton,942,33.47443203401665,2665
ZZ Top,943,33.45641478853414,2361 3063
Cassie,944,33.442105196892136,2667
Otis Redding,945,33.432226297457085,2495 2967
Nico & Vinz,946,33.40974708075474,2669
Cashmere Cat,947,33.39355626464483,2670
Ginuwine,948,33.33231188148697,1765 3390
Matt Nathanson,949,33.31248414633769,2675
Ñejo & Dalmata,950,33.231214242034554,2680
grandson,951,33.21493639915633,2681
Lit Killah,952,33.20598614270486,1719 3416
Sum 41,953,33.179009894479556,2263 3152
Lit,954,33.149745097059196,2685
Rise Against,955,33.1334272299139,2686
Al Green,956,33.128123914410125,2535 2966
Good Charlotte,957,33.11710132242857,2687
Bob Seger,958,33.09839730087511,2512 2987
Mazzy Star,959,33.002593837454654,2694
Melendi,960,32.986203176479705,2695
Stone Temple Pilots,961,32.969804367026505,2696
Lartiste,962,32.95339739693011,2697
The Smashing Pumpkins,963,32.93698225399528,2698
Big Boy,964,32.871239708900546,2702
Omar LinX,965,32.82184638316376,2705
Oliver Tree,966,32.78751634176569,2127 3130 3131
Skillet,967,32.76274639582078,2688 2691 3136
Clairo,968,32.69788569598953,1794 3419
KILLY,969,32.64009803906845,2716
Roy Jones Jr.,970,32.590354401264186,2719
Brennan Savage,971,32.55714975239694,2721
Gadiel,972,32.52391120391273,2723
Bhavi,973,32.49063865177168,2725
The Score,974,32.481969941735294,2690 2902
Lenin Ramírez,975,32.47541916422745,2209 3242
Robbie Williams,976,32.42257068939699,2556 3019
The Carters,977,32.29028336822085,2737
Ice Cube,978,32.28396940708645,1915 3397
Sik World,979,32.27353095030043,2738
Pantera,980,32.199475496189145,2763 2865
Maite Perroni,981,32.172833260376684,2744
Don Diablo,982,32.15137092206155,2553 3028 3029
Dzeko,983,32.105526004100916,2748
Spin Doctors,984,31.970486389793948,2756
Lenny Kravitz,985,31.85962919015938,2181 3304
Cage The Elephant,986,31.82429858390099,2268 2532 3358 3368
Sam Cooke,987,31.791332020407204,2183 3308
Tina Turner,988,31.783870123067143,2767
Stone Sour,989,31.715737418511967,2771
Leslie Odom Jr.,990,31.698681360586598,2772
Los Enanitos Verdes,991,31.66769377306594,2789 2820 3097
Natalia Lafourcade,992,31.527613293746167,2782
Roy Woods,993,31.49328817383158,2784
Dread Mar I,994,31.424525453855306,2788
Gnarls Barkley,995,31.355611937897176,2792
Jósean Log,996,31.338359880504278,2793
Callalily,997,31.078429818766583,2808
Yandel,998,31.074462398569068,2295 2724 3349 3350
Andrés Calamaro,999,31.061023807981606,2809
Young Dolph,1000,30.95638221756541,2815
Denzel Curry,1001,30.921422994422493,2817
Quinn XCII,1002,30.71827297516639,1863 2743 3457 3458
Beastie Boys,1003,30.604993056689295,2835
Major Lazer,1004,30.5986073045898,2653 3115
Ron Pope,1005,30.569631989934063,2837
Florence + The Machine,1006,30.256540590793932,2624 3166
Neil Young,1007,30.235347777481195,2906 2933
Ronny J,1008,30.137892747867358,2781 3056
Alannah Myles,1009,30.08819037429802,2864
Eladio Carrion,1010,30.01620895449657,2868
Lionel Richie,1011,29.99818661186039,2869
Kid Ink,1012,29.993790693595386,2664 3160
VAX,1013,29.907911996660687,2874
The Ronettes,1014,29.817364068609418,2879
SEVENTEEN,1015,29.71797120536876,2416 3336
Lasso,1016,29.70834226273826,2885
Dropkick Murphys,1017,29.653681053117165,2888
Clara Luciani,1018,29.635438245452015,2889
Sky,1019,29.580642318922017,2892
The Jacksons,1020,29.4523886976931,2899
Norman Greenbaum,1021,29.378849534997112,2903
Joan Jett & The Blackhearts,1022,29.36043596406566,2904
Josh Turner,1023,29.342010837705043,2905
Des Rocs,1024,29.23121619091481,2911
Limp Bizkit,1025,29.139582556555116,2273 3442
Wallows,1026,29.12,2917
Bon Iver,1027,29.102872598475955,2976 2978
Santana,1028,29.082833424547893,2919
Poison,1029,29.026994332861957,2922
Alfredo Olivas,1030,28.979435349875764,2880 2891 3294
Cole Swindell,1031,28.877562223982828,2930
Josh A,1032,28.78377320644394,2935
Keith Urban,1033,28.76497870675381,2936
Lost Frequencies,1034,28.74617191905733,2937
Cristian Castro,1035,28.708521383031904,2939
Sam Feldt,1036,28.689677586198144,2940
Cutting Crew,1037,28.651952813028295,2942
Jason Weaver,1038,28.614178303771016,2944
Kenny Chesney,1039,28.5763538611909,2946
Crazy Town,1040,28.538479286745467,2948
Breaking Benjamin,1041,28.50055438057302,2950
Korn,1042,28.45540329269798,2761 2861 3437
Inner Circle,1043,28.424552766930216,2954
Grace,1044,28.36741792973058,2957
Simply Red,1045,28.291058658169725,2961
Elderbrook,1046,28.27193661566183,2962
La Unión,1047,28.25280163098874,2963
Natalie Cole,1048,28.233653677836312,2964
James Brown & The Famous Flames,1049,28.214492729801115,2965
The Prodigy,1050,28.080000000000002,2972
Bright Eyes,1051,27.944859992492358,2979
Gregory Alan Isakov,1052,27.92550089076291,2980
Hollow Coves,1053,27.90612835919738,2981
The Band,1054,27.8867423698072,2982
Seals and Crofts,1055,27.84792990511144,2984
Annie Lennox,1056,27.828503373340077,2985
Steely Dan,1057,27.809063270811553,2986
Avenged Sevenfold,1058,27.79217345893805,2608 3365
Charlie Cunningham,1059,27.770142239462874,2988
Sleeping At Last,1060,27.750661253382777,2989
The J. Geils Band,1061,27.73116658202464,2990
Sinéad O'Connor,1062,27.672600166952147,2993
Zak Abel,1063,27.65305046464133,2994
Dusty Springfield,1064,27.613909538491647,2996
San Holo,1065,27.535460773337352,3000
Martin Solveig,1066,27.496152458116754,3002
Nelly Furtado,1067,27.456787867483698,3004
Chaka Khan,1068,27.41736675904526,3006
The Kinks,1069,27.318565116052493,3011
Young Money,1070,27.209108962893946,3048 3088
Audioslave,1071,27.189510363371795,2613 3402
Craig David,1072,27.11988200564302,3021
Kevin Gates,1073,27.115604153800415,3072 3073
Caifanes,1074,27.08650158249233,2866 3252
The Cars,1075,27.079970457886397,3023
Bronski Beat,1076,27.019992598074488,3026
Boyzone,1077,26.999970370354117,3027
Alanis Morissette,1078,26.939814401736328,3030
Nas,1079,26.616686495505032,3046
88GLAM,1080,26.555662296391706,3049
Lupe Fiasco,1081,26.310150132600917,3061
A$AP Mob,1082,26.28958729231024,3062
Yung Bans,1083,26.248413285377843,3064
Young the Giant,1084,26.21918255527733,2693 3421
Soda Stereo,1085,26.152216785096044,2959 3255
Chief Keef,1086,26.103792827863156,3071
Duran Duran,1087,26.078171058178864,3017 3214
Madonna,1088,25.920358888140044,3162 3173 3175
Vic Mensa,1089,25.895791163816565,3081
Yella Beezy,1090,25.874899033619435,3082
Kap G,1091,25.833064084618382,3084
Moneybagg Yo,1092,25.728179103854202,3089
Youngbloodz,1093,25.707150756161212,3090
N.W.A.,1094,25.622864789090233,3094
Camila,1095,25.587873654878535,2938 3287 3290
Bomba Estéreo,1096,25.580617662597597,3096
Café Tacvba,1097,25.538300648242043,3098
Shaggy,1098,25.49591339803303,3100
Gwen Stefani,1099,25.432200062125965,3103
PLVTINUM,1100,25.046516723887976,3121
Motörhead,1101,24.981657270885773,3124
Bea Miller,1102,24.8879295396726,3164 3179
Blind Melon,1103,24.76423227156457,3134
Seether,1104,24.67672587682572,3138
Empire of the Sun,1105,24.544881340108372,3144
Shoffy,1106,24.412324756155446,3150
Franz Ferdinand,1107,24.390161951081833,3151
The Cardigans,1108,23.92,3172
Andy Grammer,1109,23.750363387815067,3167 3268
Brian McKnight,1110,23.73844139786772,3180
Tove Lo,1111,23.71564884206207,3181
Berlin,1112,23.692834359780598,3182
Martin Jensen,1113,23.669997887621367,3183
Matoma,1114,23.624258718529138,3185
Hayley Kiyoko,1115,23.532513677888304,3189
El Fantasma,1116,23.46099522780265,3230 3231
Kiana Ledé,1117,23.255106965997815,3201
Jesse McCartney,1118,23.13853927973847,3206
Rascal Flatts,1119,23.071302564436955,3245 3247
Lloyd,1120,23.06831593333159,3209
Still Woozy,1121,22.842579282841502,3132 3363
Semisonic,1122,22.737739553438466,3223
Edwin McCain,1123,22.666274506411504,3226
Ryan Hurd,1124,22.61850569776881,3228
Saweetie,1125,22.522664140816023,3232
Aldo Trujillo,1126,22.498639958895296,3233
Peter Bradley Adams,1127,22.305515013108305,3241
Will Smith,1128,22.17491230276584,3211 3345
ILLENIUM,1129,22.135148519944472,3248
Missy & Blonde,1130,22.061731573020285,3251
Hombres G,1131,22.012650908057395,3253
La Mosca Tse-Tse,1132,21.988069492340614,3254
Taio Cruz,1133,21.864747883293784,3259
The All-American Rejects,1134,21.84,3260
Filmore,1135,21.765587517914604,3263
Teddy Robb,1136,21.690919759198778,3266
Thirty Seconds To Mars,1137,21.440149253211835,3276
Glass Animals,1138,21.414910693252963,3277
WINNER,1139,21.313657593195966,3281
Howie Day,1140,21.28826907007707,3282
Donna Lewis,1141,21.237400970928626,3284
Banda Tierra Sagrada,1142,21.058395000569252,3291
Isaiah,1143,20.877854295880123,3298
Nena,1144,20.747934836990403,3303
Peter Cetera,1145,20.643410570930378,3307
fun.,1146,20.5851109527438,3261 3409
Kenny Loggins,1147,20.5646687306166,3310
AFI,1148,20.538354364456758,3311
Gavin DeGraw,1149,20.406273545162527,3316
ATEEZ,1150,20.05879358286535,3329
Alice In Chains,1151,19.86999366711898,3360 3367
The Outfield,1152,19.787349494058066,3339
Rhys,1153,19.76,3340
Elina,1154,19.73261259945069,3341
Arcangel,1155,19.677723445561483,3343
The Revivalists,1156,19.400948430424737,3353
half•alive,1157,19.345118247247807,3355
Theory of a Deadman,1158,19.232971689263206,3359
Kali Uchis,1159,19.176652471169206,3361
Joey Trap,1160,19.150241939207035,3383 3392
Hinder,1161,19.148430745102846,3362
Justine Skye,1162,18.921141614606665,3370
Mary J. Blige,1163,18.892538209568347,3371
Cypress Hill,1164,18.863891433105735,3372
The Wallflowers,1165,18.835201087325828,3373
A Tribe Called Quest,1166,18.60408557279825,3381
Paris,1167,18.487444388016424,3385
Vanilla Ice,1168,18.428846952536123,3387
Night Lovell,1169,18.370062601961923,3389
Eazy-E,1170,18.251925925775616,3393
Pouya,1171,18.1628191644359,3396
Chamillionaire,1172,18.103170992950382,3398
Omarion,1173,18.073273084862077,3399
They Might Be Giants,1174,17.95318356169735,3403
Michael Schulte,1175,17.92303545719865,3404
AJ x Deno,1176,17.68,3412
alt-J,1177,17.526391528206826,3417
Mac DeMarco,1178,17.49550799491115,3418
boy pablo,1179,17.43357679880982,3420
EDEN,1180,17.340265280554387,3423
Anna Clendening,1181,17.30904965617697,3424
for KING & COUNTRY,1182,17.277777634869597,3425
bülow,1183,17.215063171536723,3427
Carly Rae Jepsen,1184,17.15211940256947,3429
The Strokes,1185,17.057268245530995,3432
P.O.D.,1186,16.86596572983593,3438
KONGOS,1187,16.83387061848819,3439
The Black Keys,1188,16.801714198259653,3440
Manu Chao,1189,16.607468199578165,3446
Jaguares,1190,16.574872548529598,3447
